<?xml version="1.0" encoding="UTF-8"?>
<project-private xmlns="http://www.netbeans.org/ns/project-private/1">
    <editor-bookmarks xmlns="http://www.netbeans.org/ns/editor-bookmarks/2" lastBookmarkId="0"/>
    <open-files xmlns="http://www.netbeans.org/ns/projectui-open-files/2">
        <group>
            <file>file:/C:/Users/30526030/OneDrive%20-%20City%20of%20Glasgow%20College/James%20hood/my%20assesment/30526030_%20_shop/src/views/CustomerLogin.java</file>
            <file>file:/C:/Users/30526030/OneDrive%20-%20City%20of%20Glasgow%20College/James%20hood/my%20assesment/30526030_%20_shop/src/views/CustomerHome.java</file>
            <file>file:/C:/Users/30526030/OneDrive%20-%20City%20of%20Glasgow%20College/James%20hood/my%20assesment/30526030_%20_shop/src/views/StaffHome.java</file>
            <file>file:/C:/Users/30526030/OneDrive%20-%20City%20of%20Glasgow%20College/James%20hood/my%20assesment/30526030_%20_shop/src/views/StaffLogin.java</file>
            <file>file:/C:/Users/30526030/OneDrive%20-%20City%20of%20Glasgow%20College/James%20hood/my%20assesment/30526030_%20_shop/src/views/MainMenu.java</file>
            <file>file:/C:/Users/30526030/OneDrive%20-%20City%20of%20Glasgow%20College/James%20hood/my%20assesment/30526030_%20_shop/src/views/ShopPage.java</file>
        </group>
    </open-files>
</project-private>
